{"realized_pnl":449.529375,"unrealized_pnl":0.0,"total_pnl":449.529375,"equity_usd":1406180.0273333334,"initial_quote_usd":900000.0,"equity_by_venue":{"kraken":354018.3343333333,"coinbase":100000.0,"gemini":100000.0,"bitstamp":162768.90066666668,"binance":162894.90066666668,"bybit":226497.89166666666,"bitget":100000.0,"kucoin":100000.0,"gateio":100000.0},"skew":{"btc_by_venue":{"kraken":1.9999666666666667,"coinbase":1.9999666666666667,"gemini":1.9999666666666667,"bitstamp":1.9999666666666667,"binance":1.9999666666666667,"bybit":1.9999666666666667,"bitget":1.9999666666666667,"kucoin":1.9999666666666667,"gateio":1.9999666666666667},"total_btc":17.9997,"skew":0.0,"limit":0.5,"breached":false},"equity_series":[{"ts":65655.214156788,"equity":1152837.2280000001},{"ts":65657.948208286,"equity":1278348.456}],"rebalance":{"count":1,"cost_total_usd":18.926625,"recent":[{"ts":1783897447.493249,"cost_usd":18.926625,"fee_btc":0.00030000000000000003,"ref_mark":63088.75,"skew_before":1.0,"skew_after":0.0}]}}